objectid,title,name_2,description,find_address,build_name,build_name_2,room,early_date,late_date,style,identifier,still_exist2,still_exist,genre,subject,themes,rights,rightsstatement,display_template,object_location,image_small,image_thumb,image_alt_text,object_transcript
obj_001,Sacrifice of Iphigenia,Iphigenia in Aulis,Sacrifice of Iphigenia as she is carried by Odysseus and Diomedes. Agamemnon watches from the side as the priest Calchas covers his face.,VI.8.3,House of the Tragic Poet,,3,45,79,4,MANN 9112,Yes,1,Genre,Iphigenia; Calchas; Agamemnon; Odysseus; Diomedes,Trojan War,ArchaiOptix,https://creativecommons.org/licenses/by-sa/4.0/,image,https://upload.wikimedia.org/wikipedia/commons/a/a7/Wall_painting_-_sacrifice_of_Iphigenia_-_Pompeii_%28VI_8_5%29_-_Napoli_MAN_9112_-_01.jpg,https://upload.wikimedia.org/wikipedia/commons/a/a7/Wall_painting_-_sacrifice_of_Iphigenia_-_Pompeii_%28VI_8_5%29_-_Napoli_MAN_9112_-_01.jpg,https://upload.wikimedia.org/wikipedia/commons/a/a7/Wall_painting_-_sacrifice_of_Iphigenia_-_Pompeii_%28VI_8_5%29_-_Napoli_MAN_9112_-_01.jpg,,
obj_002,Hera and Zeus,Hierogamy,Marriage of a veiled Hera to a seated Zeus on Mount Ida.,VI.8.3,House of the Tragic Poet,,3,45,79,4,MANN 9559,Yes,1,Genre,Hera; Zeus; Hypnos,,Chappsnet,https://creativecommons.org/licenses/by-sa/4.0/,image,https://upload.wikimedia.org/wikipedia/commons/b/b3/Hierogamia_-_Fresco_of_the_divine_wedding_of_Hera_and_Zeus.jpg,https://upload.wikimedia.org/wikipedia/commons/b/b3/Hierogamia_-_Fresco_of_the_divine_wedding_of_Hera_and_Zeus.jpg,https://upload.wikimedia.org/wikipedia/commons/b/b3/Hierogamia_-_Fresco_of_the_divine_wedding_of_Hera_and_Zeus.jpg,,
obj_003,Briseis and Achilles,,Achilles surrendering Briseis to Agamemnon. ,VI.8.3,House of the Tragic Poet,,3,45,79,4,MANN 9105,Yes,1,Genre,Briseis; Achilles,Trojan War,Sailko,https://creativecommons.org/licenses/by-sa/3.0/,image,https://upload.wikimedia.org/wikipedia/commons/7/7f/Achille_costretto_a_cedere_briseide_a_ad_agamennone%2C_9105%2C_01.JPG,https://upload.wikimedia.org/wikipedia/commons/7/7f/Achille_costretto_a_cedere_briseide_a_ad_agamennone%2C_9105%2C_01.JPG,https://upload.wikimedia.org/wikipedia/commons/7/7f/Achille_costretto_a_cedere_briseide_a_ad_agamennone%2C_9105%2C_01.JPG,,
obj_004,Helen (and Paris?),,Helen of Sparta boards the ship to Troy.,VI.8.3,House of the Tragic Poet,,3,45,79,4,MANN 9108,Yes,1,Genre,Helen,Trojan War,,,image,https://upload.wikimedia.org/wikipedia/commons/0/02/Elena_aiutata_a_salire_sulla_nave_di_paride_verso_troia%2C_9108.JPG,https://upload.wikimedia.org/wikipedia/commons/0/02/Elena_aiutata_a_salire_sulla_nave_di_paride_verso_troia%2C_9108.JPG,https://upload.wikimedia.org/wikipedia/commons/0/02/Elena_aiutata_a_salire_sulla_nave_di_paride_verso_troia%2C_9108.JPG,,
obj_005,Alcestis and Admetus,,A messenger reads a prophecy to Admetus and Alcestis telling Admetus that he will die unless someone takes his place.,VI.8.3,House of the Tragic Poet,,8,45,79,4,MANN 9027,Yes,1,Genre,Alcestis; Admetus,,,,image,https://upload.wikimedia.org/wikipedia/commons/d/db/Affreschi_romani_-_pompei_-_alcesti_e_admeto2.jpg,https://upload.wikimedia.org/wikipedia/commons/d/db/Affreschi_romani_-_pompei_-_alcesti_e_admeto2.jpg,https://upload.wikimedia.org/wikipedia/commons/d/db/Affreschi_romani_-_pompei_-_alcesti_e_admeto2.jpg,,
obj_006,Europa on the bull,,Europa seated on the bull--actually Zeus in disguise--before she is carried off to Crete.,IX.5.18,House of Jason,House of the Fatal Loves,f,n20,n25,3,MANN 111475,Yes,1,Genre,Europa,,Marie-Lan Nguyen,Public Domain,image,https://upload.wikimedia.org/wikipedia/commons/d/d0/Rape_of_Europa_MAN_Napoli_Inv111475.jpg,https://upload.wikimedia.org/wikipedia/commons/d/d0/Rape_of_Europa_MAN_Napoli_Inv111475.jpg,https://upload.wikimedia.org/wikipedia/commons/d/d0/Rape_of_Europa_MAN_Napoli_Inv111475.jpg,,
obj_007,Medea,,"Medea with her children, Mermerus and Pheres (?).",IX.5.18,House of Jason,House of the Fatal Loves,e,n20,n25,3,MANN 114321,Yes,1,Genre,Medea,,Marie-Lan Nguyen,Public Domain,image,https://upload.wikimedia.org/wikipedia/commons/8/83/Medea_children_MAN_Napoli_Inv8977.jpg,https://upload.wikimedia.org/wikipedia/commons/8/83/Medea_children_MAN_Napoli_Inv8977.jpg,https://upload.wikimedia.org/wikipedia/commons/8/83/Medea_children_MAN_Napoli_Inv8977.jpg,,
obj_008,Phaedra with attendant,,Phaedra seated with an attendant reading a letter.,IX.5.18,House of Jason,House of the Fatal Loves,e,n20,n25,3,MANN 114322,Yes,1,Genre,Phaedra,,Marie-Lan Nguyen,Public Domain,image,https://upload.wikimedia.org/wikipedia/commons/7/70/Phaedra_letter_MAN_Napoli_Inv114322.jpg,https://upload.wikimedia.org/wikipedia/commons/7/70/Phaedra_letter_MAN_Napoli_Inv114322.jpg,https://upload.wikimedia.org/wikipedia/commons/7/70/Phaedra_letter_MAN_Napoli_Inv114322.jpg,,
obj_009,Paris and Helen,,"Seated Helen, with Paris standing in the doorway.",IX.5.18,House of Jason,House of the Fatal Loves,e,n20,n25,3,MANN 114320,Yes,1,Genre,Helen; Paris,Trojan War,ArchaiOptix,https://creativecommons.org/licenses/by-sa/4.0/,image,https://upload.wikimedia.org/wikipedia/commons/c/c1/Wall_painting_-_Paris_and_Helena_at_Sparta_-_Pompeii_%28IX_5_18-21%29_-_Napoli_MAN_114320.jpg,https://upload.wikimedia.org/wikipedia/commons/c/c1/Wall_painting_-_Paris_and_Helena_at_Sparta_-_Pompeii_%28IX_5_18-21%29_-_Napoli_MAN_114320.jpg,https://upload.wikimedia.org/wikipedia/commons/c/c1/Wall_painting_-_Paris_and_Helena_at_Sparta_-_Pompeii_%28IX_5_18-21%29_-_Napoli_MAN_114320.jpg,,
obj_010,Hercules and Nessus,,"Hercules, carrying his son Hyllus,  and Deianira meet the centaur Nessus at the river. ",VI.9.5,House of Centaur,Casa di A. Vettius Caprasius Felix,26,30,45,,MANN 9001,Yes,1,Genre,Hercules; Nessus; Hyllus; Deianira,,Chappsnet,https://creativecommons.org/licenses/by-sa/4.0/,image,https://upload.wikimedia.org/wikipedia/commons/a/a8/Fresco_of_Hercules_and_Deianira_meeting_the_centaur_Nessos.jpg,https://upload.wikimedia.org/wikipedia/commons/a/a8/Fresco_of_Hercules_and_Deianira_meeting_the_centaur_Nessos.jpg,https://upload.wikimedia.org/wikipedia/commons/a/a8/Fresco_of_Hercules_and_Deianira_meeting_the_centaur_Nessos.jpg,,
obj_011,Meleager and Atalanta,,Seated Meleager with Atalanta after killing the Calydonian boar.,VI.9.5,House of Centaur,Casa di A. Vettius Caprasius Felix,26,30,45,,MANN 8980,Yes,1,Genre,Meleager; Atalanta; Calydonian Boar,,,,image,https://upload.wikimedia.org/wikipedia/commons/a/ac/Fresco_with_Meleager_%26_Atalanta_%2849346045733%29.jpg,https://upload.wikimedia.org/wikipedia/commons/a/ac/Fresco_with_Meleager_%26_Atalanta_%2849346045733%29.jpg,https://upload.wikimedia.org/wikipedia/commons/a/ac/Fresco_with_Meleager_%26_Atalanta_%2849346045733%29.jpg,,
obj_012,Perseus and Andromeda,,Perseus freeing Andromeda from the cliff.,VI.9.6,Casa dei Dioscuri,House of Castor and Pollux,,62,79,4,MANN 8998,Yes,1,Genre,Perseus; Andromeda; Medusa,,Marie-Lan Nguyen,Public Domain,image,https://upload.wikimedia.org/wikipedia/commons/b/b0/Perseus_Andromeda_MAN_Napoli_Inv8998.jpg,https://upload.wikimedia.org/wikipedia/commons/b/b0/Perseus_Andromeda_MAN_Napoli_Inv8998.jpg,https://upload.wikimedia.org/wikipedia/commons/b/b0/Perseus_Andromeda_MAN_Napoli_Inv8998.jpg,,
obj_013,Selene and Endymion,,Seated Endymion with a flying Selene.,VI.9.6,Casa dei Dioscuri,House of Castor and Pollux,14,,,,MANN 9240,Yes,1,Genre,Selene; Endymion,,,,image,https://upload.wikimedia.org/wikipedia/commons/2/21/Selene_Endymion_MAN_Napoli_Inv9240.jpg,https://upload.wikimedia.org/wikipedia/commons/2/21/Selene_Endymion_MAN_Napoli_Inv9240.jpg,https://upload.wikimedia.org/wikipedia/commons/2/21/Selene_Endymion_MAN_Napoli_Inv9240.jpg,,
obj_014,Selene and Endymion,,,VI.16.15,Casa dell'Ara Massima,House of Pinarius,f,1,79,4,IN SITU,Yes,1,Genre,Selene; Endymion,,,,image,https://upload.wikimedia.org/wikipedia/commons/d/d6/Selene_and_Endymion%2C_fresco_from_Pompeii%2C_Casa_dell%27Ara_Massima.jpg,https://upload.wikimedia.org/wikipedia/commons/d/d6/Selene_and_Endymion%2C_fresco_from_Pompeii%2C_Casa_dell%27Ara_Massima.jpg,https://upload.wikimedia.org/wikipedia/commons/d/d6/Selene_and_Endymion%2C_fresco_from_Pompeii%2C_Casa_dell%27Ara_Massima.jpg,,
obj_015,Theseus the liberator,,Theseus liberating the people of Athens from the tribute imposed on them by Crete. The slain Minotaur is featured. ,VII.2.16,House of Gavius Rufus,Casa di Teseo,,45,79,4,MANN 9043,Yes,1,Genre,Theseus; Minotaur,,Jebulon,Public Domain,image,https://upload.wikimedia.org/wikipedia/commons/0/0b/Theseus_liberator_MANN_9043.jpg,https://upload.wikimedia.org/wikipedia/commons/0/0b/Theseus_liberator_MANN_9043.jpg,https://upload.wikimedia.org/wikipedia/commons/0/0b/Theseus_liberator_MANN_9043.jpg,,
obj_016,Io and Argus,,"Seated Io after she was transformed into a heifer by Zeus. She is watched over by her jailer, Argus.",VI.9.2,House of the Meleager,House of L. Cornelius Primogenes,8,62,79,4,MANN 9556,Yes,1,Genre,Io; Argos,,Sailko,https://creativecommons.org/licenses/by-sa/3.0/,image,https://upload.wikimedia.org/wikipedia/commons/1/13/Io_sorvegliata_da_argo_su_incarico_di_giunone%2C_da_casa_di_meleagro%2C_9556.JPG,https://upload.wikimedia.org/wikipedia/commons/1/13/Io_sorvegliata_da_argo_su_incarico_di_giunone%2C_da_casa_di_meleagro%2C_9556.JPG,https://upload.wikimedia.org/wikipedia/commons/1/13/Io_sorvegliata_da_argo_su_incarico_di_giunone%2C_da_casa_di_meleagro%2C_9556.JPG,,
obj_017,Mars and Venus,,Reclining nude Venus with seated Mars.,VI.9.2,House of the Meleager,House of L. Cornelius Primogenes,,,,,MANN 9250,Yes,1,Genre,Ares; Aphrodite,,,,image,https://upload.wikimedia.org/wikipedia/commons/8/87/Fragment_of_wall_painting_depicting_Mars_and_Venus%2C_from_the_House_of_Meleager_in_Pompeii%2C_Naples_National_Archaeological_Museum_%2817136444089%29.jpg,https://upload.wikimedia.org/wikipedia/commons/8/87/Fragment_of_wall_painting_depicting_Mars_and_Venus%2C_from_the_House_of_Meleager_in_Pompeii%2C_Naples_National_Archaeological_Museum_%2817136444089%29.jpg,https://upload.wikimedia.org/wikipedia/commons/8/87/Fragment_of_wall_painting_depicting_Mars_and_Venus%2C_from_the_House_of_Meleager_in_Pompeii%2C_Naples_National_Archaeological_Museum_%2817136444089%29.jpg,,
obj_018,Atalanta and Cupid,,Seated Atalanta with a cupid.,VI.9.2,House of the Meleager,House of L. Cornelius Primogenes,,,,,MANN 8897,Yes,1,Genre,Atalanta; Cupids,,,,image,http://pompeiiinpictures.com/pompeiiinpictures/R6/6%2009%2002%20part%201_files/image052.jpg,http://pompeiiinpictures.com/pompeiiinpictures/R6/6%2009%2002%20part%201_files/image052.jpg,http://pompeiiinpictures.com/pompeiiinpictures/R6/6%2009%2002%20part%201_files/image052.jpg,,
obj_019,Abandoned Dido on throne,,"Seated Dido after being abandoned by Aeneas, surrounded by maids or personifications of the continents. Aeneas' ship sails away in the background.",VI.9.2,House of the Meleager,House of L. Cornelius Primogenes,3,,,4,MANN 8898,Yes,1,Genre,Dido,Aeneid,,,image,https://upload.wikimedia.org/wikipedia/commons/1/1a/Dido_Abandoned%2C_from_Pompeii_VI.9.2_%28House_of_Meleager%29%2C_atrium._Naples%2C_Archaeological_Museum_8898_-_01.jpg,https://upload.wikimedia.org/wikipedia/commons/1/1a/Dido_Abandoned%2C_from_Pompeii_VI.9.2_%28House_of_Meleager%29%2C_atrium._Naples%2C_Archaeological_Museum_8898_-_01.jpg,https://upload.wikimedia.org/wikipedia/commons/1/1a/Dido_Abandoned%2C_from_Pompeii_VI.9.2_%28House_of_Meleager%29%2C_atrium._Naples%2C_Archaeological_Museum_8898_-_01.jpg,,
obj_020,Daedalus and Pasiphae,,Daedalus presenting Pasiphae with the wooden bull.,VII.4.48,Casa della Caccia Antica,House of the Ancient Hunt,10,45,79,4,MANN 8979,Yes,1,Genre,Daedalus; Pasiphae,,Marie-Lan Nguyen,Public Domain,image,https://upload.wikimedia.org/wikipedia/commons/0/0e/Daedalus_Pasiphae_MAN_Napoli_Inv8979.jpg,https://upload.wikimedia.org/wikipedia/commons/0/0e/Daedalus_Pasiphae_MAN_Napoli_Inv8979.jpg,https://upload.wikimedia.org/wikipedia/commons/0/0e/Daedalus_Pasiphae_MAN_Napoli_Inv8979.jpg,,
obj_021,Ariadne being abandoned by Theseus,,Theseus abandoning Ariadne as he sails on his ship. Cupid watches over Ariadne.,VI.15.1,House of the Vettii,Casa dei Vettii,d,62,79,4,IN SITU,Yes,1,Genre,Ariadne; Theseus; Eros,,,,image,https://upload.wikimedia.org/wikipedia/commons/9/9c/House_of_the_Vettii_VI_15%2C1_Pompeii_2018_Central_wall_painting_from_north_wall_of_bedroom_on_left_of_main_entrance%2C_Ariadne_being_abandoned_by_Theseus_courtesy_of_Aude_Durand.jpg,https://upload.wikimedia.org/wikipedia/commons/9/9c/House_of_the_Vettii_VI_15%2C1_Pompeii_2018_Central_wall_painting_from_north_wall_of_bedroom_on_left_of_main_entrance%2C_Ariadne_being_abandoned_by_Theseus_courtesy_of_Aude_Durand.jpg,https://upload.wikimedia.org/wikipedia/commons/9/9c/House_of_the_Vettii_VI_15%2C1_Pompeii_2018_Central_wall_painting_from_north_wall_of_bedroom_on_left_of_main_entrance%2C_Ariadne_being_abandoned_by_Theseus_courtesy_of_Aude_Durand.jpg,,
obj_022,Leander and Hero,,Leander swimming towards Hero in her tower.,VI.15.1,House of the Vettii,Casa dei Vettii,d,62,79,4,IN SITU,Yes,1,Genre,Leander; Hero,,,,image,https://upload.wikimedia.org/wikipedia/commons/c/ca/House_of_the_Vettii_VI_15%2C1_Pompeii_2017_South_wall_of_bedroom_on_left_of_main_entrance%2C_with_painting_of_Leander_swimming_towards_his_beloved_Hero_in_her_tower_courtesy_of_Buzz_Ferebee.jpg,https://upload.wikimedia.org/wikipedia/commons/c/ca/House_of_the_Vettii_VI_15%2C1_Pompeii_2017_South_wall_of_bedroom_on_left_of_main_entrance%2C_with_painting_of_Leander_swimming_towards_his_beloved_Hero_in_her_tower_courtesy_of_Buzz_Ferebee.jpg,https://upload.wikimedia.org/wikipedia/commons/c/ca/House_of_the_Vettii_VI_15%2C1_Pompeii_2017_South_wall_of_bedroom_on_left_of_main_entrance%2C_with_painting_of_Leander_swimming_towards_his_beloved_Hero_in_her_tower_courtesy_of_Buzz_Ferebee.jpg,,
obj_023,Hercules strangling the serpents,,"Baby Hercules strangling the serpents with his parents, Alcmene and Amphitryon.",VI.15.1,House of the Vettii,Casa dei Vettii,n,62,79,4,IN SITU,Yes,1,Genre,Hercules; Alcmene; Amphitryon,,,,image,https://upload.wikimedia.org/wikipedia/commons/e/eb/Hercules_strangling_the_serpents%2C_Pompeii_VI.15.1_%28House_of_the_Vetti%29%2C_triclinium_n%2C_north_wall.jpg,https://upload.wikimedia.org/wikipedia/commons/e/eb/Hercules_strangling_the_serpents%2C_Pompeii_VI.15.1_%28House_of_the_Vetti%29%2C_triclinium_n%2C_north_wall.jpg,https://upload.wikimedia.org/wikipedia/commons/e/eb/Hercules_strangling_the_serpents%2C_Pompeii_VI.15.1_%28House_of_the_Vetti%29%2C_triclinium_n%2C_north_wall.jpg,,
obj_024,Death of Pentheus,,Death of Pentheus by the Maenads.,VI.15.1,House of the Vettii,Casa dei Vettii,n,62,79,4,IN SITU,Yes,1,Genre,Pentheus; Maenads,,,,image,https://upload.wikimedia.org/wikipedia/commons/c/c1/Pompeii_-_Casa_dei_Vettii_-_Pentheus.jpg,https://upload.wikimedia.org/wikipedia/commons/c/c1/Pompeii_-_Casa_dei_Vettii_-_Pentheus.jpg,https://upload.wikimedia.org/wikipedia/commons/c/c1/Pompeii_-_Casa_dei_Vettii_-_Pentheus.jpg,,
obj_025,Punishment of Dirce,,Punishment of Dirce by Amphion and Zethos.,VI.15.1,House of the Vettii,Casa dei Vettii,n,62,79,4,IN SITU,Yes,1,Genre,Dirce; Amphion; Zethos,,,,image,https://upload.wikimedia.org/wikipedia/commons/c/c3/Zetoyanfion.jpg,https://upload.wikimedia.org/wikipedia/commons/c/c3/Zetoyanfion.jpg,https://upload.wikimedia.org/wikipedia/commons/c/c3/Zetoyanfion.jpg,,
obj_026,Metamorphosis of Cyparissus,,Metamorphosis of Cyparisuss with maid looking on.,VI.15.1,House of the Vettii,Casa dei Vettii,e,62,79,4,IN SITU,Yes,1,Genre,Cyparisuss,,,,image,https://upload.wikimedia.org/wikipedia/commons/5/59/Fresco_depicting_the_metamorphosis_of_Cyparissus%2C_House_of_the_Vettii%2C_Pompeii.jpg,https://upload.wikimedia.org/wikipedia/commons/5/59/Fresco_depicting_the_metamorphosis_of_Cyparissus%2C_House_of_the_Vettii%2C_Pompeii.jpg,https://upload.wikimedia.org/wikipedia/commons/5/59/Fresco_depicting_the_metamorphosis_of_Cyparissus%2C_House_of_the_Vettii%2C_Pompeii.jpg,,
obj_027,Dionysus and Ariadne with Eros and Pan,,Dionysus and Ariadne with the fight between Eros and Pan.,VI.15.1,House of the Vettii,Casa dei Vettii,e,62,79,4,IN SITU,Yes,1,Genre,Dionysus; Ariadne; Eros; Pan,,,,image,https://upload.wikimedia.org/wikipedia/commons/8/82/House_of_the_Vettii_VI_15%2C1_Pompeii_2023_Central_wall_painting_on_south_wall_showing_Dionysus_and_Ariadne%2C_as_well_as_the_fight_between_Eros_and_Pann_courtesy_of_Johannes_Eber.jpg,https://upload.wikimedia.org/wikipedia/commons/8/82/House_of_the_Vettii_VI_15%2C1_Pompeii_2023_Central_wall_painting_on_south_wall_showing_Dionysus_and_Ariadne%2C_as_well_as_the_fight_between_Eros_and_Pann_courtesy_of_Johannes_Eber.jpg,https://upload.wikimedia.org/wikipedia/commons/8/82/House_of_the_Vettii_VI_15%2C1_Pompeii_2023_Central_wall_painting_on_south_wall_showing_Dionysus_and_Ariadne%2C_as_well_as_the_fight_between_Eros_and_Pann_courtesy_of_Johannes_Eber.jpg,,
obj_028,Daedalus and Pasiphae,,Daedalus showing Pasiphae the wooden cow.,VI.15.1,House of the Vettii,Casa dei Vettii,p,62,79,4,IN SITU,Yes,1,Genre,Daedalus; Pasiphae,,,,image,https://upload.wikimedia.org/wikipedia/commons/7/70/House_of_the_Vettii_VI_15%2C1_Pompeii_2023_Central_painting_of_Daedalus_showing_Pasiphae_the_wooden_cow%2C_from_center_of_north_wall_of_exedra_p_%28Mau_plan%29_courtesy_of_Johannes_Eber.jpg,https://upload.wikimedia.org/wikipedia/commons/7/70/House_of_the_Vettii_VI_15%2C1_Pompeii_2023_Central_painting_of_Daedalus_showing_Pasiphae_the_wooden_cow%2C_from_center_of_north_wall_of_exedra_p_%28Mau_plan%29_courtesy_of_Johannes_Eber.jpg,https://upload.wikimedia.org/wikipedia/commons/7/70/House_of_the_Vettii_VI_15%2C1_Pompeii_2023_Central_painting_of_Daedalus_showing_Pasiphae_the_wooden_cow%2C_from_center_of_north_wall_of_exedra_p_%28Mau_plan%29_courtesy_of_Johannes_Eber.jpg,,
obj_029,Ixion on the wheel,,"Torture of Ixion on the wheel, with Hephaestus, Hermes, and Hera presiding. Iris stands to Hera's left.",VI.15.1,House of the Vettii,Casa dei Vettii,p,62,79,4,IN SITU,Yes,1,Genre,Ixion; Hephaestus; Hermes; Hera; Iris,,,,image,https://upload.wikimedia.org/wikipedia/commons/5/57/Casa_dei_vettii%2C_vestibolo%2C_oechus_affrescato_sul_peristilio%2C_issione_legato_alla_ruota_da_vulcano_alla_presenza_di_giunone_01.jpg,https://upload.wikimedia.org/wikipedia/commons/5/57/Casa_dei_vettii%2C_vestibolo%2C_oechus_affrescato_sul_peristilio%2C_issione_legato_alla_ruota_da_vulcano_alla_presenza_di_giunone_01.jpg,https://upload.wikimedia.org/wikipedia/commons/5/57/Casa_dei_vettii%2C_vestibolo%2C_oechus_affrescato_sul_peristilio%2C_issione_legato_alla_ruota_da_vulcano_alla_presenza_di_giunone_01.jpg,,
obj_030,Dionysus watching over Ariadne,,Dionysus watching over a sleeping  Ariadne after she is abandoned by Theseus. With Maenads and satyrs.,VI.15.1,House of the Vettii,Casa dei Vettii,p,62,79,4,IN SITU,Yes,1,Genre,Dionysus; Ariadne; Maenads,,,,image,https://upload.wikimedia.org/wikipedia/commons/d/dd/Bacchus_discovering_Ariadne%2C_Pompeii_VI.15.1_%28House_of_the_Vetti%29%2C_polychrome_exedra_p%2C_south_wall_-_01.jpg,https://upload.wikimedia.org/wikipedia/commons/d/dd/Bacchus_discovering_Ariadne%2C_Pompeii_VI.15.1_%28House_of_the_Vetti%29%2C_polychrome_exedra_p%2C_south_wall_-_01.jpg,https://upload.wikimedia.org/wikipedia/commons/d/dd/Bacchus_discovering_Ariadne%2C_Pompeii_VI.15.1_%28House_of_the_Vetti%29%2C_polychrome_exedra_p%2C_south_wall_-_01.jpg,,
obj_031,Theseus abandoning Ariadne,,Theseus abandoning Ariadne on Naxos to board the ship that will carry him to Athens.,V.1.26,House of L. Caecilius Jucundus,,o,35,45,,MANN 115396,Yes,1,Genre,Theseus; Ariadne,,Sailko,https://creativecommons.org/licenses/by-sa/3.0/,image,https://upload.wikimedia.org/wikipedia/commons/2/2d/Teseo_abbandona_arianna%2C_da_casa_di_lucio_cecilio_giocondo_a_pompei%2C_115396.JPG,https://upload.wikimedia.org/wikipedia/commons/2/2d/Teseo_abbandona_arianna%2C_da_casa_di_lucio_cecilio_giocondo_a_pompei%2C_115396.JPG,https://upload.wikimedia.org/wikipedia/commons/2/2d/Teseo_abbandona_arianna%2C_da_casa_di_lucio_cecilio_giocondo_a_pompei%2C_115396.JPG,,
obj_032,Punishment of Dirce,,"Punishment of Dirce by  Antiope and her sons, Amphion and Zethos.",VII.4.56,Casa del Granduca di Toscana,House of the Grand Duke of Tuscany,9,30,40,3,MANN 9042,Yes,1,Genre,"Dirce; Antiope, Amphion, Zethos",,ArchaiOptix,https://creativecommons.org/licenses/by-sa/4.0/,image,https://upload.wikimedia.org/wikipedia/commons/e/e8/Wall_painting_-_punishment_of_Dirke_-_Pompeii_%28VII_4_56%29_-_Napoli_MAN_9042_-_01.jpg,https://upload.wikimedia.org/wikipedia/commons/e/e8/Wall_painting_-_punishment_of_Dirke_-_Pompeii_%28VII_4_56%29_-_Napoli_MAN_9042_-_01.jpg,https://upload.wikimedia.org/wikipedia/commons/e/e8/Wall_painting_-_punishment_of_Dirke_-_Pompeii_%28VII_4_56%29_-_Napoli_MAN_9042_-_01.jpg,,
obj_033,Perseus freeing Andromeda,,Perseus freeing Andromeda from the cliff.,VII.16.10,House of the Prince of Montenegro,Scavo del Principe del Montenegro,oecus,20,45,3,MANN 8997,Yes,1,Genre,Perseus; Andromeda; Medusa,,ArchaiOptix,https://creativecommons.org/licenses/by-sa/4.0/,image,https://upload.wikimedia.org/wikipedia/commons/5/56/Wall_painting_-_Perseus_saving_Andromeda_-_Pompeii_%28VII_ins_occ_15%29_-_Napoli_MAN_8997.jpg,https://upload.wikimedia.org/wikipedia/commons/5/56/Wall_painting_-_Perseus_saving_Andromeda_-_Pompeii_%28VII_ins_occ_15%29_-_Napoli_MAN_8997.jpg,https://upload.wikimedia.org/wikipedia/commons/5/56/Wall_painting_-_Perseus_saving_Andromeda_-_Pompeii_%28VII_ins_occ_15%29_-_Napoli_MAN_8997.jpg,,
obj_034,Drunken Hercules with Omphale,,Drunken Hercules with Omphale while cupids steal his club.,VII.16.10,House of the Prince of Montenegro,Scavo del Principe del Montenegro,oecus,,,3,MANN 9000,Yes,1,Genre,Heracles; Omphale; Cupids,,,,image,https://upload.wikimedia.org/wikipedia/commons/c/cc/Hercules_and_Omphale%2C_from_Pompeii_VII_Ins_Occ_10._Naples%2C_Archaeological_Museum_9000.jpg,https://upload.wikimedia.org/wikipedia/commons/c/cc/Hercules_and_Omphale%2C_from_Pompeii_VII_Ins_Occ_10._Naples%2C_Archaeological_Museum_9000.jpg,https://upload.wikimedia.org/wikipedia/commons/c/cc/Hercules_and_Omphale%2C_from_Pompeii_VII_Ins_Occ_10._Naples%2C_Archaeological_Museum_9000.jpg,,
obj_035,Epiphany of Dionysus,Bacchus discovering Ariadne,Ariadne being discovered by Dionysus on Naxos while a cupid watches over her.,VII.4.31/51,House of the Colored Capitals,House of Ariadne,24,45,79,4,MANN 9278,Yes,1,Genre,Dionysus; Ariadne; Cupids,,Sailko,https://creativecommons.org/licenses/by-sa/3.0/,image,https://upload.wikimedia.org/wikipedia/commons/7/76/Dioniso_scopre_arianna%2C_da_casa_dei_capitelli_colorati_a_pompei%2C_9278.JPG,https://upload.wikimedia.org/wikipedia/commons/7/76/Dioniso_scopre_arianna%2C_da_casa_dei_capitelli_colorati_a_pompei%2C_9278.JPG,https://upload.wikimedia.org/wikipedia/commons/7/76/Dioniso_scopre_arianna%2C_da_casa_dei_capitelli_colorati_a_pompei%2C_9278.JPG,,
obj_036,Ares and Aphrodite,Mars and Venus,Reclining nude Aphrodite with Ares and cupids.,VII.9.47,House of Venus and Mars,House of the Wedding of Hercules,7,45,79,4,MANN 9248,Yes,1,Genre,Ares; Aphrodite; Cupids,,ArchaiOptix,https://creativecommons.org/licenses/by-sa/4.0/,image,https://upload.wikimedia.org/wikipedia/commons/4/49/Wall_painting_-_Aphrodite_and_Ares_-_Pompeii_%28VII_9_47%29_-_Napoli_MAN_9248.jpg,https://upload.wikimedia.org/wikipedia/commons/4/49/Wall_painting_-_Aphrodite_and_Ares_-_Pompeii_%28VII_9_47%29_-_Napoli_MAN_9248.jpg,https://upload.wikimedia.org/wikipedia/commons/4/49/Wall_painting_-_Aphrodite_and_Ares_-_Pompeii_%28VII_9_47%29_-_Napoli_MAN_9248.jpg,,
obj_037,Narcissus,,Seated Narcissus on a rock.,VI.16.15,Casa dell'Ara Massima,House of Pinarius,d,,,,IN SITU,Yes,1,Genre,Narcissus,,,,image,https://upload.wikimedia.org/wikipedia/commons/8/80/Narcissus%2C_Pompeii_VI.16.15_%28House_of_the_Ara_Maxima%29%2C_pseudo-tablinum_D%2C_west_wall_-_02.jpg,https://upload.wikimedia.org/wikipedia/commons/8/80/Narcissus%2C_Pompeii_VI.16.15_%28House_of_the_Ara_Maxima%29%2C_pseudo-tablinum_D%2C_west_wall_-_02.jpg,https://upload.wikimedia.org/wikipedia/commons/8/80/Narcissus%2C_Pompeii_VI.16.15_%28House_of_the_Ara_Maxima%29%2C_pseudo-tablinum_D%2C_west_wall_-_02.jpg,,
obj_038,Narcissus and Echo,,Seated Narcissus on rock with Echo and cupids.,VI.7.20,Casa dell'Argenteria,Casa dei Vasi d'Argento,7,45,79,4,MANN 9380,Yes,1,Genre,Narcissus; Echo,,,,image,https://upload.wikimedia.org/wikipedia/commons/e/ee/Affresco_romano_-_Pompei_-_Narciso_ed_Eco.JPG,https://upload.wikimedia.org/wikipedia/commons/e/ee/Affresco_romano_-_Pompei_-_Narciso_ed_Eco.JPG,https://upload.wikimedia.org/wikipedia/commons/e/ee/Affresco_romano_-_Pompei_-_Narciso_ed_Eco.JPG,,
obj_039,Iphigenia in Tauris,,Iphigenia awaiting rescue by Orestes and Pylades.,V.1.26,House of L. Caecilius Jucundus,,i,,,3,MANN 111439,,1,Genre,"Iphigenia; Orestes, Pylades",Trojan War,ArchaiOptix,https://creativecommons.org/licenses/by-sa/4.0/,image,https://upload.wikimedia.org/wikipedia/commons/e/e1/Wall_painting_-_Iphigenia_in_Tauris_-_Pompeii_%28V_1_26%29_-_Napoli_MAN_111439.jpg,https://upload.wikimedia.org/wikipedia/commons/e/e1/Wall_painting_-_Iphigenia_in_Tauris_-_Pompeii_%28V_1_26%29_-_Napoli_MAN_111439.jpg,https://upload.wikimedia.org/wikipedia/commons/e/e1/Wall_painting_-_Iphigenia_in_Tauris_-_Pompeii_%28V_1_26%29_-_Napoli_MAN_111439.jpg,,
obj_040,Odysseus and the Sirens,,Odysseus bound to a ship's mast listening to the Sirens. ,,,,,50,79,3,"BM 1867,0508.1354",,1,Genre,Odysseus; Sirens,Odyssey,ArchaiOptix,https://creativecommons.org/licenses/by-sa/4.0/,image,https://upload.wikimedia.org/wikipedia/commons/a/a6/Wall_painting_-_Odysseus_and_the_Sirens_-_Pompeii_-_London_BM_GR_1867-0508-1354_-_01.jpg,https://upload.wikimedia.org/wikipedia/commons/a/a6/Wall_painting_-_Odysseus_and_the_Sirens_-_Pompeii_-_London_BM_GR_1867-0508-1354_-_01.jpg,https://upload.wikimedia.org/wikipedia/commons/a/a6/Wall_painting_-_Odysseus_and_the_Sirens_-_Pompeii_-_London_BM_GR_1867-0508-1354_-_01.jpg,,
obj_041,Death of Ikaros,Death of Icarus,Icarus falling from the sky to his death.,,,,,50,79,3,"BM GR 1867,0508.1355",,1,Genre,Icarus; Daedalus,,ArchaiOptix,https://creativecommons.org/licenses/by-sa/4.0/,image,https://upload.wikimedia.org/wikipedia/commons/e/e2/Wall_painting_-_death_of_Ikaros_-_Pompeii_-_London_BM_GR_1867-0508-1355.jpg,https://upload.wikimedia.org/wikipedia/commons/e/e2/Wall_painting_-_death_of_Ikaros_-_Pompeii_-_London_BM_GR_1867-0508-1355.jpg,https://upload.wikimedia.org/wikipedia/commons/e/e2/Wall_painting_-_death_of_Ikaros_-_Pompeii_-_London_BM_GR_1867-0508-1355.jpg,,
obj_042,Laokoon and his sons,Death of Laocoon and his sons,Death of Laocoon's two sons by the snakes.,VI.43.30,House of Laocoon,,b,,,3,MANN 111210,,1,Genre,Laocoon,,ArchaiOptix,https://creativecommons.org/licenses/by-sa/4.0/,image,https://upload.wikimedia.org/wikipedia/commons/9/9e/Wall_painting_-_Laokoon_and_his_sons_killed_by_the_snakes_-_Pompeii_%28VI_14_30%29_-_Napoli_MAN_111210.jpg,https://upload.wikimedia.org/wikipedia/commons/9/9e/Wall_painting_-_Laokoon_and_his_sons_killed_by_the_snakes_-_Pompeii_%28VI_14_30%29_-_Napoli_MAN_111210.jpg,https://upload.wikimedia.org/wikipedia/commons/9/9e/Wall_painting_-_Laokoon_and_his_sons_killed_by_the_snakes_-_Pompeii_%28VI_14_30%29_-_Napoli_MAN_111210.jpg,,
obj_043,Ares and Aphrodite,Mars and Venus,Seated Aphrodite with Ares standing behind her.,VII.2.23,House of the Punished Eros,,,,,3,MANN 9249,,1,Genre,Ares; Aphrodite; Cupids,,ArchaiOptix,https://creativecommons.org/licenses/by-sa/4.0/,image,https://upload.wikimedia.org/wikipedia/commons/9/9a/Wall_painting_-_Ares_and_Aphrodite_-_Pompeii_%28VII_2_23%29_-_Napoli_MAN_9249_-_01.jpg,https://upload.wikimedia.org/wikipedia/commons/9/9a/Wall_painting_-_Ares_and_Aphrodite_-_Pompeii_%28VII_2_23%29_-_Napoli_MAN_9249_-_01.jpg,https://upload.wikimedia.org/wikipedia/commons/9/9a/Wall_painting_-_Ares_and_Aphrodite_-_Pompeii_%28VII_2_23%29_-_Napoli_MAN_9249_-_01.jpg,,
obj_044,Hercules and Nessus,,,IX.5.18,House of Jason,House of the Fatal Loves,g,,,3,MANN 111474,,1,Genre,Hercules; Nessus; Hyllus; Deianira,,ArchaiOptix,https://creativecommons.org/licenses/by-sa/4.0/,image,https://upload.wikimedia.org/wikipedia/commons/2/2c/Wall_painting_-_Herakles_and_Nessos_-_Pompeii_%28IX_5_18-21%29_-_Napoli_MAN_111474.jpg,https://upload.wikimedia.org/wikipedia/commons/2/2c/Wall_painting_-_Herakles_and_Nessos_-_Pompeii_%28IX_5_18-21%29_-_Napoli_MAN_111474.jpg,https://upload.wikimedia.org/wikipedia/commons/2/2c/Wall_painting_-_Herakles_and_Nessos_-_Pompeii_%28IX_5_18-21%29_-_Napoli_MAN_111474.jpg,,
obj_045,Hephaistos producing new armor for Achilles,Hephestus producing new armor for Achilles,Hephestus offers a new shield to Achilles while his mother Thetis looks on.,IX.1.7,,,e,,,3,MANN 9529,,1,Genre,Hephaestus; Achilles; Thetis,Trojan War,ArchaiOptix,https://creativecommons.org/licenses/by-sa/4.0/,image,https://upload.wikimedia.org/wikipedia/commons/9/93/Wall_painting_-_Hephaistos_producing_the_new_arms_for_Achilles_-_Pompeii_%28IX_1_7%29_-_Napoli_MAN_9529.jpg,https://upload.wikimedia.org/wikipedia/commons/9/93/Wall_painting_-_Hephaistos_producing_the_new_arms_for_Achilles_-_Pompeii_%28IX_1_7%29_-_Napoli_MAN_9529.jpg,https://upload.wikimedia.org/wikipedia/commons/9/93/Wall_painting_-_Hephaistos_producing_the_new_arms_for_Achilles_-_Pompeii_%28IX_1_7%29_-_Napoli_MAN_9529.jpg,,
obj_046,Pan and nymphs making music,,Pan makes music with nymphs.,IX.5.18,House of Jason,House of the Fatal Loves,g,,,3,MANN 111473,,1,Genre,Pan,,ArchaiOptix,https://creativecommons.org/licenses/by-sa/4.0/,image,https://upload.wikimedia.org/wikipedia/commons/9/9f/Wall_painting_-_Pan_and_nymphs_making_music_-_Pompeii_%28IX_5_18-21%29_-_Napoli_MAN_111473.jpg,https://upload.wikimedia.org/wikipedia/commons/9/9f/Wall_painting_-_Pan_and_nymphs_making_music_-_Pompeii_%28IX_5_18-21%29_-_Napoli_MAN_111473.jpg,https://upload.wikimedia.org/wikipedia/commons/9/9f/Wall_painting_-_Pan_and_nymphs_making_music_-_Pompeii_%28IX_5_18-21%29_-_Napoli_MAN_111473.jpg,,
obj_047,Death of the Niobids,,"Artems and Apollo shoot the Niobids, who flee on horseback.",VII.15.2,House of the Sailor,,1,,,3,MANN 111479,,1,Genre,Artemis; Apollo; Niobe,,ArchaiOptix,https://creativecommons.org/licenses/by-sa/4.0/,image,https://upload.wikimedia.org/wikipedia/commons/9/95/Wall_painting_-_death_of_the_Niobids_-_Pompeii_%28VII_15_2%29_-_Napoli_MAN_111479.jpg,https://upload.wikimedia.org/wikipedia/commons/thumb/9/95/Wall_painting_-_death_of_the_Niobids_-_Pompeii_%28VII_15_2%29_-_Napoli_MAN_111479.jpg/1280px-Wall_painting_-_death_of_the_Niobids_-_Pompeii_%28VII_15_2%29_-_Napoli_MAN_111479.jpg,https://upload.wikimedia.org/wikipedia/commons/thumb/9/95/Wall_painting_-_death_of_the_Niobids_-_Pompeii_%28VII_15_2%29_-_Napoli_MAN_111479.jpg/1280px-Wall_painting_-_death_of_the_Niobids_-_Pompeii_%28VII_15_2%29_-_Napoli_MAN_111479.jpg,https://upload.wikimedia.org/wikipedia/commons/thumb/9/95/Wall_painting_-_death_of_the_Niobids_-_Pompeii_%28VII_15_2%29_-_Napoli_MAN_111479.jpg/330px-Wall_painting_-_death_of_the_Niobids_-_Pompeii_%28VII_15_2%29_-_Napoli_MAN_111479.jpg,
obj_048,Phaedra and her nurse,,A veiled Phaedra seated with her nurse standing nearby.,,,,,20,60,3,"BM GR 1856,0625.5",,1,Genre,Phaedra,,ArchaiOptix,https://creativecommons.org/licenses/by-sa/4.0/,image,https://commons.wikimedia.org/wiki/File:Wall_painting_-_Phaidra_and_her_nurse_-_Pompeii_-_London_BM_GR_1856-0625-5_-_01.jpg,https://upload.wikimedia.org/wikipedia/commons/thumb/3/3d/Wall_painting_-_Phaidra_and_her_nurse_-_Pompeii_-_London_BM_GR_1856-0625-5_-_01.jpg/1280px-Wall_painting_-_Phaidra_and_her_nurse_-_Pompeii_-_London_BM_GR_1856-0625-5_-_01.jpg,https://upload.wikimedia.org/wikipedia/commons/thumb/3/3d/Wall_painting_-_Phaidra_and_her_nurse_-_Pompeii_-_London_BM_GR_1856-0625-5_-_01.jpg/1280px-Wall_painting_-_Phaidra_and_her_nurse_-_Pompeii_-_London_BM_GR_1856-0625-5_-_01.jpg,https://upload.wikimedia.org/wikipedia/commons/thumb/3/3d/Wall_painting_-_Phaidra_and_her_nurse_-_Pompeii_-_London_BM_GR_1856-0625-5_-_01.jpg/330px-Wall_painting_-_Phaidra_and_her_nurse_-_Pompeii_-_London_BM_GR_1856-0625-5_-_01.jpg,
obj_049,Odysseus discovering Achilles on Skyros,,Odysseus discovers a hidden Achilles on the island of Skyros.,VI.9.6,Casa dei Dioscuri,House of Castor and Pollux,42,,,4,MANN 9110,,1,Genre,Odysseus; Achilles,Trojan War,ArchaiOptix,https://creativecommons.org/licenses/by-sa/4.0/,image,https://upload.wikimedia.org/wikipedia/commons/thumb/c/c0/Wall_painting_-_Odysseus_discovering_Achilles_on_Skyros_-_Pompeii_%28VI_9_6%29_-_Napoli_MAN_9110.jpg/960px-Wall_painting_-_Odysseus_discovering_Achilles_on_Skyros_-_Pompeii_%28VI_9_6%29_-_Napoli_MAN_9110.jpg,https://upload.wikimedia.org/wikipedia/commons/thumb/c/c0/Wall_painting_-_Odysseus_discovering_Achilles_on_Skyros_-_Pompeii_%28VI_9_6%29_-_Napoli_MAN_9110.jpg/960px-Wall_painting_-_Odysseus_discovering_Achilles_on_Skyros_-_Pompeii_%28VI_9_6%29_-_Napoli_MAN_9110.jpg,https://upload.wikimedia.org/wikipedia/commons/thumb/c/c0/Wall_painting_-_Odysseus_discovering_Achilles_on_Skyros_-_Pompeii_%28VI_9_6%29_-_Napoli_MAN_9110.jpg/960px-Wall_painting_-_Odysseus_discovering_Achilles_on_Skyros_-_Pompeii_%28VI_9_6%29_-_Napoli_MAN_9110.jpg,https://upload.wikimedia.org/wikipedia/commons/thumb/c/c0/Wall_painting_-_Odysseus_discovering_Achilles_on_Skyros_-_Pompeii_%28VI_9_6%29_-_Napoli_MAN_9110.jpg/250px-Wall_painting_-_Odysseus_discovering_Achilles_on_Skyros_-_Pompeii_%28VI_9_6%29_-_Napoli_MAN_9110.jpg,
obj_050,Pan and Hermaphrodite,,Hermaphrodite reclines while Pan flees.,VI.9.6,Casa dei Dioscuri,House of Castor and Pollux,37,,,4,MANN 27700,,1,Genre,Pan; Hermaphroditus,,ArchaiOptix,https://creativecommons.org/licenses/by-sa/4.0/,image,https://upload.wikimedia.org/wikipedia/commons/thumb/a/a0/Wall_painting_-_Pan_and_Hermaphrodite_-_Pompeii_%28VI_9_6%29_-_Napoli_MAN_27700.jpg/1280px-Wall_painting_-_Pan_and_Hermaphrodite_-_Pompeii_%28VI_9_6%29_-_Napoli_MAN_27700.jpg,https://upload.wikimedia.org/wikipedia/commons/thumb/a/a0/Wall_painting_-_Pan_and_Hermaphrodite_-_Pompeii_%28VI_9_6%29_-_Napoli_MAN_27700.jpg/1280px-Wall_painting_-_Pan_and_Hermaphrodite_-_Pompeii_%28VI_9_6%29_-_Napoli_MAN_27700.jpg,https://upload.wikimedia.org/wikipedia/commons/thumb/a/a0/Wall_painting_-_Pan_and_Hermaphrodite_-_Pompeii_%28VI_9_6%29_-_Napoli_MAN_27700.jpg/1280px-Wall_painting_-_Pan_and_Hermaphrodite_-_Pompeii_%28VI_9_6%29_-_Napoli_MAN_27700.jpg,https://upload.wikimedia.org/wikipedia/commons/thumb/a/a0/Wall_painting_-_Pan_and_Hermaphrodite_-_Pompeii_%28VI_9_6%29_-_Napoli_MAN_27700.jpg/330px-Wall_painting_-_Pan_and_Hermaphrodite_-_Pompeii_%28VI_9_6%29_-_Napoli_MAN_27700.jpg,
obj_051,Achilles restrained by Athena,,A fleeing Achilles being restrained by Athena. ,VI.9.6,Casa dei Dioscuri,House of Castor and Pollux,,,,4,MANN 9104,,1,Genre,Achilles; Athena,Trojan War,ArchaiOptix,https://creativecommons.org/licenses/by-sa/4.0/,image,https://upload.wikimedia.org/wikipedia/commons/thumb/2/25/Wall_painting_-_Achilles_restrained_by_Athena_-_Pompeii_%28VI_9_6-7%29_-_Napoli_MAN_9104.jpg/960px-Wall_painting_-_Achilles_restrained_by_Athena_-_Pompeii_%28VI_9_6-7%29_-_Napoli_MAN_9104.jpg,https://upload.wikimedia.org/wikipedia/commons/thumb/2/25/Wall_painting_-_Achilles_restrained_by_Athena_-_Pompeii_%28VI_9_6-7%29_-_Napoli_MAN_9104.jpg/960px-Wall_painting_-_Achilles_restrained_by_Athena_-_Pompeii_%28VI_9_6-7%29_-_Napoli_MAN_9104.jpg,https://upload.wikimedia.org/wikipedia/commons/thumb/2/25/Wall_painting_-_Achilles_restrained_by_Athena_-_Pompeii_%28VI_9_6-7%29_-_Napoli_MAN_9104.jpg/960px-Wall_painting_-_Achilles_restrained_by_Athena_-_Pompeii_%28VI_9_6-7%29_-_Napoli_MAN_9104.jpg,https://upload.wikimedia.org/wikipedia/commons/thumb/2/25/Wall_painting_-_Achilles_restrained_by_Athena_-_Pompeii_%28VI_9_6-7%29_-_Napoli_MAN_9104.jpg/250px-Wall_painting_-_Achilles_restrained_by_Athena_-_Pompeii_%28VI_9_6-7%29_-_Napoli_MAN_9104.jpg,
obj_052,Dionysus with Ariadne on Naxos,,A seated Dionysus touches Ariadne's breast while on the island of Naxos. Theseus' ship sails away in the background and Silenus looks on. ,VI.17.42,House of the Golden Bracelet,House of M. Fabius Rufus,20,,,4,Pompeii Antiquarium 41658,,1,Genre,Dionysus; Ariadne; Silenus; Theseus,,ArchaiOptix,https://creativecommons.org/licenses/by-sa/4.0/,image,https://upload.wikimedia.org/wikipedia/commons/thumb/b/bf/Wall_painting_-_Dionysos_joining_Ariadne_on_Naxos_-_Pompeii_%28VI_17_ins_occ_42%29_-_Pompeii_PAAnt_41658_-_02.jpg/960px-Wall_painting_-_Dionysos_joining_Ariadne_on_Naxos_-_Pompeii_%28VI_17_ins_occ_42%29_-_Pompeii_PAAnt_41658_-_02.jpg,https://upload.wikimedia.org/wikipedia/commons/thumb/b/bf/Wall_painting_-_Dionysos_joining_Ariadne_on_Naxos_-_Pompeii_%28VI_17_ins_occ_42%29_-_Pompeii_PAAnt_41658_-_02.jpg/960px-Wall_painting_-_Dionysos_joining_Ariadne_on_Naxos_-_Pompeii_%28VI_17_ins_occ_42%29_-_Pompeii_PAAnt_41658_-_02.jpg,https://upload.wikimedia.org/wikipedia/commons/thumb/b/bf/Wall_painting_-_Dionysos_joining_Ariadne_on_Naxos_-_Pompeii_%28VI_17_ins_occ_42%29_-_Pompeii_PAAnt_41658_-_02.jpg/960px-Wall_painting_-_Dionysos_joining_Ariadne_on_Naxos_-_Pompeii_%28VI_17_ins_occ_42%29_-_Pompeii_PAAnt_41658_-_02.jpg,https://upload.wikimedia.org/wikipedia/commons/thumb/b/bf/Wall_painting_-_Dionysos_joining_Ariadne_on_Naxos_-_Pompeii_%28VI_17_ins_occ_42%29_-_Pompeii_PAAnt_41658_-_02.jpg/250px-Wall_painting_-_Dionysos_joining_Ariadne_on_Naxos_-_Pompeii_%28VI_17_ins_occ_42%29_-_Pompeii_PAAnt_41658_-_02.jpg,
obj_053,Wedding of Alexander,,Alexander the Great marries one of his wives with Eros present. ,VI.17.42,House of the Golden Bracelet,House of M. Fabius Rufus,20,,,4,Pompeii Antiquarium 41657,,1,Genre,Alexander the Great; Eros,History,ArchaiOptix,https://creativecommons.org/licenses/by-sa/4.0/,image,https://upload.wikimedia.org/wikipedia/commons/thumb/0/02/Wall_painting_-_wedding_of_Alexander_-_Pompeii_%28VI_17_ins_occ_42%29_-_Pompeii_PAAnt_41657_-_01.jpg/960px-Wall_painting_-_wedding_of_Alexander_-_Pompeii_%28VI_17_ins_occ_42%29_-_Pompeii_PAAnt_41657_-_01.jpg,https://upload.wikimedia.org/wikipedia/commons/thumb/0/02/Wall_painting_-_wedding_of_Alexander_-_Pompeii_%28VI_17_ins_occ_42%29_-_Pompeii_PAAnt_41657_-_01.jpg/960px-Wall_painting_-_wedding_of_Alexander_-_Pompeii_%28VI_17_ins_occ_42%29_-_Pompeii_PAAnt_41657_-_01.jpg,https://upload.wikimedia.org/wikipedia/commons/thumb/0/02/Wall_painting_-_wedding_of_Alexander_-_Pompeii_%28VI_17_ins_occ_42%29_-_Pompeii_PAAnt_41657_-_01.jpg/960px-Wall_painting_-_wedding_of_Alexander_-_Pompeii_%28VI_17_ins_occ_42%29_-_Pompeii_PAAnt_41657_-_01.jpg,https://upload.wikimedia.org/wikipedia/commons/thumb/0/02/Wall_painting_-_wedding_of_Alexander_-_Pompeii_%28VI_17_ins_occ_42%29_-_Pompeii_PAAnt_41657_-_01.jpg/250px-Wall_painting_-_wedding_of_Alexander_-_Pompeii_%28VI_17_ins_occ_42%29_-_Pompeii_PAAnt_41657_-_01.jpg,
obj_054,Cyclopes working in the forge of Hephestus,,Cyclopes work in the forge of Hephestus.,VII.5.25,House of the Quadrigas,,L,,,4,MANN 9531,,1,Genre,Cyclopes,,ArchaiOptix,https://creativecommons.org/licenses/by-sa/4.0/,image,https://upload.wikimedia.org/wikipedia/commons/thumb/4/43/Wall_painting_-_cyclopes_working_in_the_workshop_of_Hephaistos_-_Pompeii_%28VII_2_25%29_-_Napoli_MAN_9531.jpg/960px-Wall_painting_-_cyclopes_working_in_the_workshop_of_Hephaistos_-_Pompeii_%28VII_2_25%29_-_Napoli_MAN_9531.jpg,https://upload.wikimedia.org/wikipedia/commons/thumb/4/43/Wall_painting_-_cyclopes_working_in_the_workshop_of_Hephaistos_-_Pompeii_%28VII_2_25%29_-_Napoli_MAN_9531.jpg/960px-Wall_painting_-_cyclopes_working_in_the_workshop_of_Hephaistos_-_Pompeii_%28VII_2_25%29_-_Napoli_MAN_9531.jpg,https://upload.wikimedia.org/wikipedia/commons/thumb/4/43/Wall_painting_-_cyclopes_working_in_the_workshop_of_Hephaistos_-_Pompeii_%28VII_2_25%29_-_Napoli_MAN_9531.jpg/960px-Wall_painting_-_cyclopes_working_in_the_workshop_of_Hephaistos_-_Pompeii_%28VII_2_25%29_-_Napoli_MAN_9531.jpg,https://upload.wikimedia.org/wikipedia/commons/thumb/4/43/Wall_painting_-_cyclopes_working_in_the_workshop_of_Hephaistos_-_Pompeii_%28VII_2_25%29_-_Napoli_MAN_9531.jpg/330px-Wall_painting_-_cyclopes_working_in_the_workshop_of_Hephaistos_-_Pompeii_%28VII_2_25%29_-_Napoli_MAN_9531.jpg,
obj_055,Dionysus with Helios and Aphrodite,,"Dionysus, seated on a throne, with Helio, Aphrodite, and other unidentified deities. ",VII.2.16,House of Gavius Rufus,Casa di Teseo,o,,,4,MANN 9449,,1,Genre,Dionysus; Helios; Aphrodite,,ArchaiOptix,https://creativecommons.org/licenses/by-sa/4.0/,image,https://upload.wikimedia.org/wikipedia/commons/thumb/9/93/Wall_painting_-_Dionysos_with_Helios_and_Aphrodite_-_Pompeii_%28VII_2_16%29_-_Napoli_MAN_9449_-_01.jpg/960px-Wall_painting_-_Dionysos_with_Helios_and_Aphrodite_-_Pompeii_%28VII_2_16%29_-_Napoli_MAN_9449_-_01.jpg,https://upload.wikimedia.org/wikipedia/commons/thumb/9/93/Wall_painting_-_Dionysos_with_Helios_and_Aphrodite_-_Pompeii_%28VII_2_16%29_-_Napoli_MAN_9449_-_01.jpg/960px-Wall_painting_-_Dionysos_with_Helios_and_Aphrodite_-_Pompeii_%28VII_2_16%29_-_Napoli_MAN_9449_-_01.jpg,https://upload.wikimedia.org/wikipedia/commons/thumb/9/93/Wall_painting_-_Dionysos_with_Helios_and_Aphrodite_-_Pompeii_%28VII_2_16%29_-_Napoli_MAN_9449_-_01.jpg/960px-Wall_painting_-_Dionysos_with_Helios_and_Aphrodite_-_Pompeii_%28VII_2_16%29_-_Napoli_MAN_9449_-_01.jpg,https://upload.wikimedia.org/wikipedia/commons/thumb/9/93/Wall_painting_-_Dionysos_with_Helios_and_Aphrodite_-_Pompeii_%28VII_2_16%29_-_Napoli_MAN_9449_-_01.jpg/250px-Wall_painting_-_Dionysos_with_Helios_and_Aphrodite_-_Pompeii_%28VII_2_16%29_-_Napoli_MAN_9449_-_01.jpg,
obj_056,Perseus and Andromeda,,Perseus and Andromeda resting on a rock. ,VII.4.31/51,House of the Colored Capitals,House of Ariadne,51,,,4,MANN 8996,,1,Genre,Perseus; Andromeda; Medusa,,ArchaiOptix,https://creativecommons.org/licenses/by-sa/4.0/,image,https://upload.wikimedia.org/wikipedia/commons/thumb/d/d5/Wall_painting_-_Perseus_and_Andromeda_resting_-_Pompeii_%28VII_4_51%29_-_Napoli_MAN_8996.jpg/960px-Wall_painting_-_Perseus_and_Andromeda_resting_-_Pompeii_%28VII_4_51%29_-_Napoli_MAN_8996.jpg,https://upload.wikimedia.org/wikipedia/commons/thumb/d/d5/Wall_painting_-_Perseus_and_Andromeda_resting_-_Pompeii_%28VII_4_51%29_-_Napoli_MAN_8996.jpg/960px-Wall_painting_-_Perseus_and_Andromeda_resting_-_Pompeii_%28VII_4_51%29_-_Napoli_MAN_8996.jpg,https://upload.wikimedia.org/wikipedia/commons/thumb/d/d5/Wall_painting_-_Perseus_and_Andromeda_resting_-_Pompeii_%28VII_4_51%29_-_Napoli_MAN_8996.jpg/960px-Wall_painting_-_Perseus_and_Andromeda_resting_-_Pompeii_%28VII_4_51%29_-_Napoli_MAN_8996.jpg,https://upload.wikimedia.org/wikipedia/commons/thumb/d/d5/Wall_painting_-_Perseus_and_Andromeda_resting_-_Pompeii_%28VII_4_51%29_-_Napoli_MAN_8996.jpg/250px-Wall_painting_-_Perseus_and_Andromeda_resting_-_Pompeii_%28VII_4_51%29_-_Napoli_MAN_8996.jpg,
obj_0057,Birth of Venus,Venus anadynomene,The birth of Venus on a shell held by Eros.,VII.6.7?,,,,50,79,4,MANN 27704?,,1,Genre,Aphrodite; Eros,,ArchaiOptix,https://creativecommons.org/licenses/by-sa/4.0/,image,https://upload.wikimedia.org/wikipedia/commons/thumb/0/06/Wall_painting_-_birth_of_Venus_from_a_shell_-_Pompeii_%28VII_6_7%29_-_Napoli_MAN.jpg/960px-Wall_painting_-_birth_of_Venus_from_a_shell_-_Pompeii_%28VII_6_7%29_-_Napoli_MAN.jpg,https://upload.wikimedia.org/wikipedia/commons/thumb/0/06/Wall_painting_-_birth_of_Venus_from_a_shell_-_Pompeii_%28VII_6_7%29_-_Napoli_MAN.jpg/960px-Wall_painting_-_birth_of_Venus_from_a_shell_-_Pompeii_%28VII_6_7%29_-_Napoli_MAN.jpg,https://upload.wikimedia.org/wikipedia/commons/thumb/0/06/Wall_painting_-_birth_of_Venus_from_a_shell_-_Pompeii_%28VII_6_7%29_-_Napoli_MAN.jpg/960px-Wall_painting_-_birth_of_Venus_from_a_shell_-_Pompeii_%28VII_6_7%29_-_Napoli_MAN.jpg,https://upload.wikimedia.org/wikipedia/commons/thumb/0/06/Wall_painting_-_birth_of_Venus_from_a_shell_-_Pompeii_%28VII_6_7%29_-_Napoli_MAN.jpg/330px-Wall_painting_-_birth_of_Venus_from_a_shell_-_Pompeii_%28VII_6_7%29_-_Napoli_MAN.jpg,
obj_058,Theseus abandoning Ariadne,,Theseus abandoning a sleeping Ariadne on the island of Naxos as he leaves for his ship.,VII.4.31/51,House of the Colored Capitals,House of Ariadne,24?,c45,c79,4,MANN 9052,,1,Genre,Theseus; Ariadne,,ArchaiOptix,https://creativecommons.org/licenses/by-sa/4.0/,image,https://upload.wikimedia.org/wikipedia/commons/thumb/d/d1/Wall_painting_-_Theseus_abbandonning_Ariadne_on_Naxos_-_Pompeii_%28VII_4_31-51%29_-_Napoli_MAN_9052.jpg/960px-Wall_painting_-_Theseus_abbandonning_Ariadne_on_Naxos_-_Pompeii_%28VII_4_31-51%29_-_Napoli_MAN_9052.jpg,https://upload.wikimedia.org/wikipedia/commons/thumb/d/d1/Wall_painting_-_Theseus_abbandonning_Ariadne_on_Naxos_-_Pompeii_%28VII_4_31-51%29_-_Napoli_MAN_9052.jpg/960px-Wall_painting_-_Theseus_abbandonning_Ariadne_on_Naxos_-_Pompeii_%28VII_4_31-51%29_-_Napoli_MAN_9052.jpg,https://upload.wikimedia.org/wikipedia/commons/thumb/d/d1/Wall_painting_-_Theseus_abbandonning_Ariadne_on_Naxos_-_Pompeii_%28VII_4_31-51%29_-_Napoli_MAN_9052.jpg/960px-Wall_painting_-_Theseus_abbandonning_Ariadne_on_Naxos_-_Pompeii_%28VII_4_31-51%29_-_Napoli_MAN_9052.jpg,https://upload.wikimedia.org/wikipedia/commons/thumb/d/d1/Wall_painting_-_Theseus_abbandonning_Ariadne_on_Naxos_-_Pompeii_%28VII_4_31-51%29_-_Napoli_MAN_9052.jpg/250px-Wall_painting_-_Theseus_abbandonning_Ariadne_on_Naxos_-_Pompeii_%28VII_4_31-51%29_-_Napoli_MAN_9052.jpg,